﻿<?xml version="1.0" encoding="utf-8"?>
<BreakpointCollection xmlns:xsi="http://www.w3.org/2001/XMLSchema-instance" xmlns:xsd="http://www.w3.org/2001/XMLSchema">
  <Breakpoints>
    <Breakpoint>
      <Version>15</Version>
      <IsEnabled>1</IsEnabled>
      <IsVisible>1</IsVisible>
      <IsEmulated>0</IsEmulated>
      <IsCondition>0</IsCondition>
      <ConditionType>WhenTrue</ConditionType>
      <LocationType>SourceLocation</LocationType>
      <TextPosition>
        <Version>4</Version>
        <FileName>C:\Users\RobinDewson\Documents\BegSQL2012\Chapter14\SQL\9781ch1425_ForwardReadonlyCursor.sql</FileName>
        <startLine>27</startLine>
        <StartColumn>4</StartColumn>
        <EndLine>28</EndLine>
        <EndColumn>65</EndColumn>
        <MarkerId>0</MarkerId>
        <IsLineBased>0</IsLineBased>
        <IsDocumentPathNotFound>0</IsDocumentPathNotFound>
        <ShouldUpdateTextSpan>1</ShouldUpdateTextSpan>
        <Checksum>
          <Version>1</Version>
          <Algorithm>00000000-0000-0000-0000-000000000000</Algorithm>
          <ByteCount>0</ByteCount>
          <Bytes />
        </Checksum>
      </TextPosition>
      <NamedLocationLine>0</NamedLocationLine>
      <NamedLocationColumn>0</NamedLocationColumn>
      <HitCountType>NoHitCount</HitCountType>
      <HitCountTarget>1</HitCountTarget>
      <Language>3a12d0b9-c26c-11d0-b442-00a0244a1dd2</Language>
      <IsMapped>0</IsMapped>
      <BreakpointType>PendingBreakpoint</BreakpointType>
      <AddressLocation>
        <Version>0</Version>
        <MarkerId>0</MarkerId>
        <FunctionLine>0</FunctionLine>
        <FunctionColumn>0</FunctionColumn>
        <Language>00000000-0000-0000-0000-000000000000</Language>
      </AddressLocation>
      <DataCount>4</DataCount>
      <IsTracepointActive>0</IsTracepointActive>
      <IsBreakWhenHit>1</IsBreakWhenHit>
      <IsRunMacroWhenHit>0</IsRunMacroWhenHit>
      <UseChecksum>1</UseChecksum>
      <Labels>test</Labels>
      <RequestRemapped>0</RequestRemapped>
      <parentIndex>-1</parentIndex>
    </Breakpoint>
  </Breakpoints>
</BreakpointCollection>